Time,CH4,CO,H2,Temperature,Velocity,Decay,Spike
0,43.83894694589488,185.41369967879987,117.86857578604824,551.6107951213993,1.041274260029494,1.0,1.0
1,42.23647026960219,168.84504281118112,112.2083409735848,535.2472756098389,1.2255640644763548,0.9834714538216176,0.9048374180359596
2,38.17310357398135,158.09659529123124,105.6980904637837,532.3396090061121,1.5395210075977772,0.967216100482006,0.8187307530779818
3,36.92576269513743,146.9796034594938,97.80931011322174,526.2939711339313,1.771406728315908,0.951229424500714,0.7408182206817179
4,33.86177335619437,137.8710605220603,92.4266708426278,520.2752138591006,2.118161805731006,0.9355069850316178,0.6703200460356392
5,33.01111907492099,127.34770795408934,87.34793564958021,507.1875839825667,2.249622002796964,0.9200444146293232,0.6065306597126334
6,30.953826146946017,118.4514874466335,79.5316353694171,501.01279979674814,2.401840676310682,0.9048374180359596,0.5488116360940265
7,30.36453882634335,114.19507341324044,78.25522497477547,493.8520458912017,2.4813071552517822,0.8898817709880238,0.4965853037914096
8,27.870764102798542,102.39353834856868,69.66579357416111,493.8017228501138,2.740895714767692,0.8751733190429475,0.4493289641172215
9,25.644674256709944,101.91108186848756,66.6205764688345,485.28238988440745,2.871512065886085,0.8607079764250578,0.4065696597405991
10,23.12108057242077,95.99206342218864,63.21281999372637,476.2909665949687,2.9161546079793514,0.846481724890614,0.3678794411714424
11,21.453741611299503,88.71596573389255,59.27061916562644,477.4530354719576,2.946759732540454,0.8324906126116027,0.3328710836980795
12,21.851145980437867,85.64454123304161,54.59320522349487,469.2149975706256,3.122042703567676,0.8187307530779818,0.3011942119122021
13,21.583235421224515,79.49797049274481,55.5980117915653,469.3055502352127,3.043330592434039,0.8051983240180705,0.2725317930340126
14,20.17234531199488,75.23853522059785,54.18579051289517,460.42455860561904,3.367403657475146,0.7918895663367816,0.2465969639416065
15,18.245930528457983,75.41377922062334,49.75581963975832,460.91164912140914,3.1346502801188665,0.7788007830714049,0.2231301601484298
16,16.98808299957255,70.564871105981,46.96072628895549,465.82492725475976,3.5137409139001154,0.7659283383646487,0.2018965179946553
17,17.947049815508272,71.07565692183323,44.1926969369839,452.3409737058803,3.362175683340614,0.7532686564546569,0.1826835240527346
18,16.33197293098786,69.49689438707601,43.54565448743995,454.285038174896,3.439067014279716,0.7408182206817179,0.1652988882215865
19,13.62732314634485,63.02966642847761,41.98670146295174,454.8959128321957,3.506728978482533,0.728573572511393,0.149568619222635
20,16.360486496424805,59.83744351999124,39.21521954735079,448.6608723464801,3.6630416440192777,0.7165313105737893,0.1353352832366126
21,12.017805864038966,60.36350262388871,37.07918465022294,450.7279895433677,3.582518925717434,0.7046880897187134,0.1224564282529819
22,12.939937053006933,51.4666443471964,32.756887087010725,447.1569922831225,3.756420998781676,0.6930406200864415,0.1108031583623338
23,12.824636367461126,50.60796238727046,35.23624368412461,442.2666390322928,3.8103133494646126,0.6815856661938479,0.1002588437228037
24,13.386125130783965,50.83567571565583,36.1810213693808,440.2183248873835,3.826341607090992,0.6703200460356392,0.0907179532894125
25,11.810092272218876,50.18569333236197,33.02788131176155,441.7828051904439,3.655453759638616,0.6592406302004438,0.0820849986238988
26,11.260506702571716,48.14729911799628,29.56207080987126,434.4666476334791,3.9077590655704153,0.6483443410015097,0.0742735782143338
27,11.549830834933324,46.69135434464085,29.64990272017342,434.7547150770586,3.742179655523868,0.6376281516217732,0.0672055127397497
28,12.381938893228522,46.53796445992495,27.54961243453729,438.0291428767685,4.0337762034782365,0.6270890852730561,0.0608100626252179
29,10.568068276038154,43.75215861955259,25.967571643873875,432.6750471839,3.792360159908096,0.6167242143691608,0.0550232200564072
30,12.712942294003309,43.64386181390033,30.50881237455134,434.55119711944894,3.6273015071262353,0.6065306597126334,0.0497870683678639
31,10.571444931177105,41.85553226653408,27.72618458868168,430.67638091467904,3.968916617994488,0.5965055896949683,0.0450492023935578
32,9.524583616378736,39.09602960222718,27.421966352768465,437.1672754745518,3.855441328698291,0.5866462195100317,0.0407622039783662
33,9.333180126135233,37.53482930889788,22.718982743548928,435.24361266954224,3.779443920944858,0.5769498103804866,0.03688316740124
34,8.845459431147916,36.1627997165555,26.18264720768548,433.0642210094774,3.7979333267386752,0.5674136687970038,0.033373269960326
35,9.944890923662502,38.07529805124431,25.78464010540344,431.4939137899922,4.077837107721271,0.5580351457700471,0.0301973834223185
36,8.76256783963868,35.97399822638255,26.0177786888808,428.5679835237856,3.899098713132761,0.5488116360940265,0.0273237224472925
37,8.675145449507706,39.154767424378505,21.994984219874883,425.9770472146471,3.889407606213252,0.5397405776236126,0.0247235264703393
38,7.99891357933314,35.009913573998745,21.100459330657323,435.16510656982,3.951714996534599,0.5308194505620139,0.0223707718561656
39,10.26158801018457,37.74508054989663,24.41628116134331,429.9836624388625,3.987552270913569,0.522045776761016,0.0202419114458043
40,6.339177505611481,31.016376808656887,22.969634443307275,427.01535976193617,3.826704442521192,0.513417119032592,0.0183156388887341
41,7.73309779332056,32.67818488650742,21.0766016193205,428.2447797391533,3.975778831413751,0.5049310804718897,0.0165726754017612
42,8.288367455200829,29.32129825872353,22.19667159093202,429.2127987317916,3.879992765218234,0.4965853037914096,0.0149955768204777
43,8.0545152354332,30.93160828064663,23.257766164351963,429.7182461696804,3.957265043036209,0.4883774706661871,0.0135685590122009
44,7.614309264804457,32.343567157919324,20.654968056671056,430.3149707515712,3.972856884948741,0.4803053010897994,0.0122773399030684
45,8.176966424792306,29.36187694047198,20.57827222915529,426.9610228088176,4.293792064118425,0.4723665527410147,0.0111089965382423
46,7.52389361796917,29.01660322319449,20.796688080656452,421.76175465108446,4.097307313819893,0.4645590203609114,0.0100518357446335
47,6.92616768060736,29.80391702760271,20.122175401900797,423.99908438921216,4.263649093280672,0.456880535140292,0.0090952771016958
48,5.947030628372895,32.25700037943464,18.41963899077133,424.8185813147711,3.947429780741415,0.4493289641172215,0.00822974704902
49,7.190965615782856,26.18720483193696,18.400108240422465,422.5970595702742,4.07777941668382,0.4419022095845253,0.0074465830709243
50,5.62612794826102,25.37379547029383,15.09725101953483,422.6605187106547,4.004710228998855,0.4345982085070782,0.0067379469990854
51,4.565568050328917,25.683668497748386,15.61312374168442,412.6890053744551,4.13574724390546,0.4274149319487266,0.0060967465655156
52,7.438345913480555,26.17706434366045,21.15720067388348,426.6219247146814,3.7787972523905418,0.4203503845086819,0.0055165644207607
53,6.085277699782081,24.4442514167808,16.016603720734473,420.6896879746778,3.8490951275232086,0.4134026037672293,0.0049915939069102
54,5.7444989159003335,26.0537081104356,14.05166895557503,425.9637545250424,3.814166772440668,0.4065696597405991,0.0045165809426126
55,5.923415684421994,26.53101238998096,18.34599657737254,423.2529489683054,4.076137445556318,0.3998496543448473,0.004086771438464
56,5.870889313612082,22.186438380474037,18.723942746889584,421.27297984420113,3.9054763680023385,0.3932407208685982,0.0036978637164829
57,5.580169997267937,27.33170553915453,13.768037679020804,425.8162367776293,4.02322434572313,0.3867410234545012,0.0033459654574712
58,5.610748517257269,20.91659764163304,15.506540215333114,417.2382076264458,4.024892024513511,0.3803487565892586,0.0030275547453758
59,5.9361779032430855,23.99341786945409,14.851329467381031,427.3103939384415,3.9649081767490766,0.3740621446020826,0.0027394448187683
60,5.461126541024885,23.14227735571361,14.450770250385943,418.9319580877386,4.08598013791599,0.3678794411714424,0.0024787521766663
61,6.02812299278647,26.14511691741398,13.388286826194232,412.7247177207968,3.9722070686355866,0.3617989288399626,0.0022428677194858
62,7.901548707280458,20.83962943809753,13.14836855751536,415.8636239773821,4.095816963729047,0.3558189185373419,0.0020294306362957
63,6.303214262654146,21.677294207097603,13.403502374115329,418.047629037756,3.929284533498016,0.3499377491111553,0.0018363047770289
64,5.696549056891866,22.21103266987913,14.728267531939055,411.87875695934224,4.04278515801164,0.3441537868654123,0.0016615572731739
65,5.233540953368397,22.558588359109685,13.373125417825907,416.6557230326547,4.061801509735751,0.3384654251067422,0.0015034391929775
66,5.420561194923561,20.073188223404323,13.771086539343427,415.3863055701962,3.8396326568859616,0.3328710836980795,0.0013603680375478
67,5.75701886202961,23.669726567489715,13.426359134739194,414.3346215049095,4.011464164061185,0.3273692086197276,0.0012309119026734
68,5.324289763165505,17.4407754754894,12.6738788424101,414.5272493631444,3.9643972856970513,0.3219582715376759,0.0011137751478448
69,5.974673515433732,17.635561004891166,11.76791441502248,413.54338252220174,3.918919588643037,0.3166367693790532,0.0010077854290485
70,5.796255926398391,19.16786831427079,11.242535085255293,416.2680661135274,4.244576132273743,0.3114032239145976,0.0009118819655545
71,4.429440947051965,17.00869317658783,11.756012878129251,416.2448542626304,4.086974866478919,0.306256181348028,0.0008251049232659
72,4.075594673082621,15.39540281550559,12.083533195178838,414.7235751216532,4.110309895258034,0.3011942119122021,0.0007465858083766
73,4.967535191714311,20.81901021350715,9.75298359614201,415.0728154228968,4.184735205849638,0.2962159094719497,0.0006755387751938
74,6.076701741120995,19.47546011152748,10.522715982311547,415.55422554030594,4.068796526530467,0.291319891133471,0.0006112527611295
75,3.238198117884718,12.974233353867294,12.976192786639253,416.09005523840966,3.943397582914308,0.2865047968601901,0.0005530843701478
76,4.700379372831939,18.95135842381576,10.085448308103215,414.8223043132745,4.145775907370221,0.2817692890949583,0.0005004514334406
77,4.121769405686815,19.06554367980753,11.30413817553718,419.52777140895176,3.9012993723791247,0.2771120523885023,0.0004528271828867
78,3.9550865682309,14.307516704121332,8.793912735143035,418.82942954444405,3.8772996041853953,0.2725317930340126,0.0004097349789797
79,3.813718279386477,18.711652701180142,12.641462193396888,410.2900011726783,4.034862976354519,0.2680272387077725,0.000370743540459
80,5.53635491968226,12.921055761619709,12.59843310226259,410.01755316732977,4.0686860972911925,0.2635971381157267,0.0003354626279025
81,4.981703070795902,14.602649618644708,10.779667877185153,409.8873885896304,3.9299472490903073,0.2592402606458915,0.0003035391380788
82,3.9946568450804905,15.005212720442024,10.409316730394949,415.1054192218174,3.955852828310068,0.2549553960265099,0.0002746535699721
83,3.262360393822848,16.04592073355416,10.748601724270928,410.7605013425292,3.926646087341449,0.250741353989858,0.0002485168271079
84,4.638928636197308,15.60777953755674,9.678149179976028,415.9231670382629,4.04615558116431,0.2465969639416065,0.0002248673241788
85,4.008965796550236,15.01866205242729,8.651119954682045,409.3625647515809,3.997493453532607,0.2425210746356487,0.0002034683690106
86,3.158218531029388,12.62245384494207,10.850698894871792,407.6224830199443,3.957292141538277,0.2385125538543024,0.0001841057936675
87,3.117438896101834,17.17818839900884,8.306027403275245,406.53708569095465,3.9902513927766856,0.2345702880937976,0.0001665858109876
88,3.73480570463706,15.19231754614886,9.865903678994668,406.5414084775201,4.106539462074622,0.2306931822549628,0.0001507330750954
89,1.7518300049082465,12.552706980484476,10.996021518305394,410.1030357532668,3.990212648735024,0.2268801593390236,0.000136388926482
90,3.205515026439304,12.265456064055954,7.143030195553969,417.33984983785393,3.985422002362157,0.2231301601484298,0.0001234098040866
91,3.01818488003166,15.99460497249829,8.568772040822415,413.1512677268224,3.966279743506696,0.2194421429926266,0.0001116658084901
92,2.677778801967624,14.244640755031844,8.660965603123385,411.1841135066694,4.154722946276024,0.2158150833986897,0.000101039401837
93,3.889997921230178,10.935649533761088,5.262501412944959,408.4737254573442,4.055134671627548,0.212247973826743,9.142423147817328e-05
94,2.3759118130991084,11.752003036899806,7.613834655234841,409.4324658484214,4.121046629862688,0.2087398233900796,8.272406555663223e-05
95,3.321248093083004,14.38294799601849,8.325229406587248,407.91125276394,4.031825220626957,0.2052896575799093,7.485182988770058e-05
96,2.6438934498993003,8.17670832083946,6.143940244455052,408.8896168423649,3.844533657492612,0.2018965179946553,6.77287364908539e-05
97,2.5890438715255826,10.1871516732133,9.44878446341621,410.5295473620336,3.9593373316154254,0.1985594620737261,6.128349505322213e-05
98,2.441691429622766,13.164883159590431,10.319054978546854,411.7075549142148,4.017221137673746,0.1952775628356857,5.545159943217694e-05
99,5.746728714534256,9.082851403282726,9.90623187580109,408.5241932193365,4.123336120727995,0.1920499086207541,5.017468205617528e-05
100,2.937380564703115,14.551543884297333,10.68632995759803,411.4032015234792,3.761127934762526,0.1888756028375618,4.539992976248485e-05
101,1.95652723822536,8.918735434546848,6.995704421940311,409.0674520518917,4.068504147240238,0.1857537637140913,4.107955522530072e-05
102,1.1341886499390204,8.194714767576345,9.09727175169693,407.9842125318624,4.11546806565793,0.1826835240527346,3.7170318684126734e-05
103,1.2166219145381507,8.124557713136664,7.700203060544025,410.29932982248647,3.898593470392032,0.1796640309893994,3.363309518571897e-05
104,1.663441157349852,10.688238529123977,5.21912615858434,407.3105956867064,3.850381547642309,0.1766944457565967,3.0432483008403628e-05
105,2.124201573414325,9.607630174523663,5.534876217109691,408.9416071753545,4.313386456932086,0.1737739434504451,2.753644934974716e-05
106,2.3639130606225383,8.714435479784663,6.236536620006258,408.487104055528,3.997354285022091,0.1709017128015248,2.4916009731503204e-05
107,3.574583459042524,10.30827757178144,4.055676207710432,411.5536667161485,3.9290019818408615,0.1680769559495201,2.254493791321221e-05
108,1.999010839515539,8.311078210691718,6.579550013438489,408.0280172899943,4.013437177384618,0.1652988882215865,2.039950341117192e-05
109,2.815736389876521,10.263315345901647,6.551357541104466,409.19825659089366,4.099175295310163,0.1625667379143807,1.845823399578056e-05
110,2.368197891735275,10.893084461770837,10.728897584079728,404.9207080621367,3.926443015949765,0.1598797460796939,1.670170079024566e-05
111,2.966063010014826,10.153924508426163,6.7481317014448745,407.18264265262616,4.137426284476204,0.1572371663136276,1.5112323819855032e-05
112,2.8265201199138845,7.118993851540813,8.26652353762709,411.6473214187718,3.834496815505874,0.1546382645492548,1.3674196065680964e-05
113,2.312745120621107,10.93121939647559,6.922748933982952,411.68188711427325,3.987972259667707,0.1520823188527075,1.237292426178822e-05
114,2.141985768606194,9.299022988020202,4.953941066272497,409.5306163737568,4.003574036883414,0.149568619222635,1.1195484842590942e-05
115,4.174711723294812,10.49306230316074,4.430479345784898,405.7381786019806,4.147930824691715,0.1470964673929768,1.013009359863071e-05
116,2.278488834898961,10.63244988955542,4.927700844574486,404.82024365781314,3.98623622965678,0.144665176638995,9.166087736247615e-06
117,0.9904728588156786,7.760962153629779,5.189201795485093,404.6419862380525,3.988457546162455,0.1422740715865136,8.29381916075737e-06
118,1.516102010921608,9.96288193002922,7.346956786745986,405.3364524334576,3.967399741121384,0.1399224880243094,7.504557915076859e-06
119,0.3896778996970411,6.839493736396024,7.38136404550851,407.9873572660173,3.757213785747464,0.1376097727196054,6.79040480737947e-06
120,1.3812919204539384,9.294548890486968,4.8257331679544375,404.6133576430915,3.9487821277085535,0.1353352832366126,6.14421235332821e-06
121,0.52657076619017,4.743874756164363,4.952986503246929,403.5709668143084,4.224598560681052,0.1330983877580718,5.559513241650147e-06
122,2.9900730584366872,9.20958177704879,4.0383209517138345,402.990501375525,3.984255600768561,0.1308984649097443,5.030455607111448e-06
123,4.174043722120658,7.776851385249177,4.865795926914575,404.254291509585,4.076708290916686,0.1287349035878042,4.551744463083231e-06
124,2.1761280510297065,4.240353081996766,5.4798520357997536,400.0967137508912,3.967845591950897,0.1266071027890835,4.118588707535707e-06
125,1.1027526713455478,8.13926168739078,4.150574628177258,401.6949274074912,4.024588980478933,0.1245144714441229,3.726653172078672e-06
126,1.0902958265695202,6.282849285962014,5.111588386760236,403.1821840888987,3.9727486074710736,0.1224564282529819,3.3720152341391845e-06
127,0.5256980552454438,11.461764990538168,3.8594887102469126,404.99314801609455,3.917895750433975,0.1204324015237627,3.0511255580364225e-06
128,0.3814239346177457,7.501889005032817,6.764929249649641,410.7977648549296,4.042970492845195,0.1184418290138036,2.760772572037199e-06
129,1.4945948750860127,11.595323763150734,5.004197693282744,408.17021320027465,3.922674158647327,0.1164841577734969,2.498050325866635e-06
130,2.7370155027149874,8.331849343360993,3.7249673103115946,406.37355265869655,4.099176304441732,0.1145588439926877,2.2603294069810542e-06
131,1.2896944709633278,5.03398406051891,6.641949656488036,400.84242327360994,4.0682218294764105,0.1126653528496124,2.0452306245234893e-06
132,0.0,7.259674596903213,1.803037550740099,403.9860477172897,3.92123761952684,0.1108031583623338,1.850601197581908e-06
133,3.751459581698808,7.024860761424001,4.162633406953622,407.3622284930447,3.9246511070028487,0.1089717432426314,1.674493209434266e-06
134,0.0,8.158747498850936,6.613633835905602,409.1926953136382,4.123138344729608,0.1071705987523067,1.515144112143249e-06
135,2.191192402741646,3.2022550943740087,6.080051502616643,398.270782647984,4.108121643732233,0.1053992245618643,1.3709590863840845e-06
136,3.471491944814841,5.715782672851737,5.355136063268667,409.2812344855,3.962639307767109,0.1036571286115278,1.2404950799567134e-06
137,2.73121260323207,4.960523794742436,4.022775228485421,404.5696008610117,3.982348630374719,0.1019438269745536,1.1224463652343442e-06
138,2.2956137496835733,6.48964375997142,5.566252220768721,407.7622592861193,3.9694288884044986,0.1002588437228037,1.01563147100249e-06
139,0.0,6.317773863449716,5.057106100463063,403.2101558294935,4.137969989670714,0.0986017107945401,9.189813578979572e-07
140,2.2734205265659373,6.474107335850055,5.528270638287683,404.6716983734868,4.081487406390081,0.096971967864405,8.315287191035679e-07
141,0.7160907701480798,7.071210394708181,2.2765778954922884,401.1419936308407,4.048648167244896,0.0953691622155496,7.523982992164213e-07
142,1.3869428116227318,5.279539530098587,5.450022913891623,404.9577362104824,3.909095810307297,0.0937928486138762,6.807981343976343e-07
143,0.0,7.0949087025889215,2.3124204356189964,409.2575652262391,3.894501523281029,0.0922425891843597,6.160116261320527e-07
144,0.1098100506620027,4.676627821308156,1.6922748816529505,408.4800167825596,4.0939289032823805,0.0907179532894125,5.573903692694596e-07
145,0.3208751897296331,4.534534598380214,3.5554665805046515,406.9518702948012,4.166952602653365,0.0892185174092601,5.04347662567888e-07
146,3.234444822990947,5.951765036890975,3.4016249537704497,401.9639443626372,3.7272736706479903,0.0877438650242943,4.563526367903994e-07
147,0.3886200196445734,5.570215373154008,5.390594007557989,403.5847323441917,3.8397238796979343,0.0862935864993705,4.1292494158732724e-07
148,0.0,3.1265295799295334,3.073334067267921,402.4767714480078,4.063669164327084,0.0848672789700174,3.73629937988526e-07
149,0.0,9.471023829645876,3.826102483003016,405.2083131412946,3.975683659581809,0.0834645462305278,3.380743483904737e-07
150,3.052772439278234,2.9823514938121733,1.7543633363306237,407.0580299365712,3.905439595683993,0.0820849986238988,3.059023205018258e-07
151,1.888314739257512,1.7990626432983534,1.3641252381027518,400.48466759208327,4.067837531416199,0.0807282529335912,2.767918658540807e-07
152,0.6490714484695309,7.031071972374368,2.6257555343899126,402.3585378433001,3.867058906275625,0.0793939322770782,2.5045163723276214e-07
153,0.0,5.741300623135119,4.007289334046789,406.696582449966,4.09037429824926,0.0780816660011531,2.26618012776571e-07
154,0.0719161444932738,5.394411501343645,7.0011614227403065,407.1542583104721,3.956206604356111,0.076791089578968,2.050524575611927e-07
155,0.338892319885603,3.2703196692189858,1.424028752354456,400.13791472732026,4.165584094775735,0.0755218445087737,1.855391362615978e-07
156,3.160201749440776,1.659855482247183,5.7106468740478205,403.4764565565231,3.979525228840174,0.0742735782143338,1.6788275299956634e-07
157,0.2062588084782908,3.9441534334185424,2.490755228018945,407.3716007924111,4.097341295230275,0.0730459439469845,1.519065967568964e-07
158,1.7370783926595768,4.218979575968961,5.020466167196313,407.2906655049637,3.95448428919363,0.0718386006893132,1.374507727921396e-07
159,0.0,4.263929688608645,0.5957108639071031,402.42960833774936,3.902003788775665,0.0706512130604296,1.2437060236028698e-07
160,0.6874306924814888,4.356276547050577,3.176295599999408,406.7165879665592,3.940130061909787,0.0694834512228015,1.1253517471925913e-07
161,2.048696732430049,6.581736892892764,2.9744353941835597,404.52775641289617,4.006067135110047,0.068334990790632,1.0182603693119987e-07
162,0.3840969075070192,1.8369557745761704,2.00946838403292,400.4802127758601,3.8464493085126983,0.0672055127397497,9.213600834566135e-08
163,0.0,0.1496745608467491,2.229586837510709,408.3791553794829,4.1106894937655785,0.0660947033189889,8.336810789962771e-08
164,1.7331833854903709,3.1399372858293724,2.598650409283689,402.01703531378,3.997088923564175,0.0650022539630345,7.543458349844258e-08
165,1.550305501467108,0.5035615059852119,2.7526033104609517,402.83949627099474,3.766488928508824,0.0639278612067075,6.82560337633487e-08
166,1.2424847747437966,0.0,0.0,398.3944552402201,3.8513499107549856,0.0628712266006672,6.176061335580363e-08
167,2.0550460568986275,6.755054325044149,0.5733035467574765,401.5979124749368,3.88581695441105,0.0618320566285066,5.5883313925182684e-08
168,0.440010127336996,4.004628008067748,1.096382714533343,400.8926880753879,3.888346330067429,0.0608100626252179,5.05653134833552e-08
169,1.2756608413343664,2.334692321980528,0.0,397.6481911535273,4.018875731177537,0.0598049606970067,4.575338769445813e-08
170,0.0,2.7468153325504634,0.2737025986833128,404.2459039898324,3.980222610806536,0.0588164716424298,4.1399377187851675e-08
171,0.6037759992501647,6.957617641900386,3.432532783966026,400.74438388962017,4.039366323901097,0.0578443208748384,3.745970556295245e-08
172,0.9213133176569124,5.673334473658047,2.738520022463631,405.6239839120206,3.9279759479146015,0.0568882383461015,3.389494326196924e-08
173,0.0,5.152473810862869,0.8344147351731361,401.8977960797055,4.096383338023995,0.0559479584715911,3.066941294563555e-08
174,0.2225166767702443,3.963127774381254,3.6127982035470767,406.1423892523694,3.929878518238098,0.0550232200564072,2.7750832422407566e-08
175,1.518250655289433,1.120731199331621,2.15208544351235,402.86989651260814,3.918208821929466,0.0541137662228216,2.5109991557439816e-08
176,0.0,2.9424017840122403,0.710939113237842,402.0939480446255,4.04629904642306,0.0532193443389215,2.272045992773856e-08
177,0.0708700344362123,1.2492085744362846,3.032998607135001,402.01533440979097,3.8984261328275513,0.0523397059484323,2.055832229760448e-08
178,0.8811503494836443,7.147567004174583,4.068084158616498,400.03002947466814,4.091779699862323,0.0514746067017007,1.860193926691551e-08
179,3.796804133197709,0.9447136252322768,1.489829502165103,401.0379450218518,4.151402115490318,0.0506238062878176,1.6831730696737596e-08
180,1.7280704346907956,0.374261319492414,3.09922392111403,404.96063538379184,4.095952047990741,0.0497870683678639,1.5229979744712632e-08
181,0.1879127483579972,0.0,2.397813576183739,404.8908375686154,3.9148887045876304,0.0489641605092594,1.3780655548945718e-08
182,0.0,4.4935514833466605,2.414844031158628,402.01176168337633,3.948398870481915,0.0481548541211964,1.2469252785750989e-08
183,0.3499833875745749,0.0,0.0029908710194075,402.1007129867841,4.058216969126002,0.0473589243911409,1.1282646495496606e-08
184,0.7309046419096576,4.012284822021956,0.0,398.2211860269051,3.9796294132025736,0.0465761502223834,1.0208960723597638e-08
185,1.7851107451659771,3.321325934772368,0.1470601340921655,400.7988396403427,4.13785800984633,0.0458063141726214,9.237449661970594e-09
186,0.1438998144154206,2.2913685500702736,2.27190306926518,400.652593477812,4.139821723969913,0.0450492023935578,8.358390101374608e-09
187,1.5063591001636938,7.646257553352,1.6693922202640312,398.2339180274428,4.113210346508334,0.0443046045714965,7.56298411826514e-09
188,1.7625035012739036,1.5198198767219115,1.45986792878653,405.7604248736681,4.161481535500169,0.0435723138689216,6.843271022217988e-09
189,0.4037290779876687,3.564582263337626,3.656620381014462,401.53307494371205,3.916781627721869,0.0428521268670401,6.1920476826640385e-09
190,1.4148907021132875,0.0574027599589692,3.990778970997781,401.7345428860128,3.938011795194348,0.0421438435092764,5.602796437537268e-09
191,0.2543475934095582,0.8899807096258465,0.0,404.4041109444916,4.05802797999085,0.0414472670456988,5.069619862322286e-09
192,0.6391090096914945,3.953975655729515,0.0,399.2747749404577,4.180595357368104,0.0407622039783662,4.587181746647524e-09
193,0.0,0.8612270505925572,0.903399269595076,404.05151912457103,3.909580788018557,0.0400884640075771,4.1506536876982236e-09
194,0.6375612187343631,2.29668877547385,2.237494142929357,395.1757030921524,3.97757642487324,0.0394258599790074,3.7556667659383025e-09
195,1.442035762296062,3.7032697265291543,2.4222648612493,400.20749012462977,4.049891510240872,0.038774207831722,3.398267819495071e-09
196,1.1544537344600232,2.4510466773389714,1.1192636279386567,395.8715513920688,3.99021459380779,0.0381333265470451,3.074879879586606e-09
197,0.3207344661247961,1.419800387497384,0.0,405.57698406417165,3.7808096008258616,0.037503038098277,2.7822663710158732e-09
198,1.5641151854784974,2.3203132620093507,4.313532033762503,404.0659359078888,3.9445179029546624,0.03688316740124,2.5174987194382783e-09
199,0.0,0.0,0.4041536972259254,399.8889899603935,3.954533418015649,0.0362735422656435,2.2779270412053708e-09
200,0.3043313431002301,1.5814194191264108,1.9641866679388704,401.79984712328735,3.96276051310582,0.0356739933472523,2.061153622438558e-09
201,0.0,4.230482302133919,1.4347167635274582,399.1971043224124,3.899463117087612,0.035084354100845,1.865008921902767e-09
202,1.1993247704760306,5.574296691891897,0.8819713233211958,402.9621583278662,3.975104168169153,0.0345044607339504,1.6875298575085319e-09
203,0.0775122394100966,3.4271427620053307,3.036839111690179,404.0163917793145,3.785771917847952,0.0339341521613492,1.5269401591266087e-09
204,0.7352628284947931,2.3097180314518013,3.240005029307003,399.8358214120434,3.9080971737305537,0.033373269960326,1.3816325910795407e-09
205,0.6857903256166091,2.304576137851437,0.0,402.7986677538054,3.9444020168111766,0.0328216583266632,1.2501528663867426e-09
206,0.4795144327652737,0.4048898283638094,0.0,399.047908238937,3.993850187838777,0.0322791640313598,1.1311850917716324e-09
207,0.7848558375039354,3.829336645809308,0.2765346284802257,400.6021569422184,4.076507099485964,0.0317456363780679,1.023538597759416e-09
208,1.2184405261211166,3.678907459276468,1.7649911475371611,402.21950599540656,3.93941381230456,0.0312209271612309,9.261360220567755e-10
209,0.3734606985235361,0.7664752241520938,1.646057960533327,403.8304845730583,4.050655033686862,0.0307048906249145,8.380025269479488e-10
210,1.0080030029994314,0.0,1.7460532225900895,399.5321433091703,3.9687414506375256,0.0301973834223185,7.582560427911907e-10
211,0.6199203144157563,2.6524018009128865,2.889497470123687,401.16118547822543,3.863997567648244,0.0296982645759563,6.860984399693442e-10
212,1.0218655065159907,4.272251179903933,2.706752255261124,402.8164920667553,4.014720854233916,0.0292073954384948,6.208075409403623e-10
213,0.18650859085912,0.8276817428082655,0.4854252193627044,403.7499423919991,4.042885788186596,0.0287246396542394,5.617298924417301e-10
214,1.4648037113169836,2.2274054067133204,0.0,405.6231971803745,4.144096641534692,0.0282498631212569,5.082742255105932e-10
215,1.0459805640564288,2.49213641529422,0.0,400.898681631978,3.992534259739416,0.0277829339541242,4.5990553786523166e-10
216,0.0,3.616969086931162,2.8854868204041324,407.1614096881112,4.031200985237819,0.0273237224472925,4.161397394224149e-10
217,0.2406179259456171,2.639991565599447,0.0023458734984833,398.96243140545374,4.113209646554932,0.0268721010390571,3.7653880736113565e-10
218,0.0,0.0,2.771280539519209,403.877675389564,4.017959677964559,0.0264279442761229,3.4070640224298915e-10
219,0.0,3.2532755598381997,2.058019375686,406.1277935747108,3.843325227803624,0.0259911287787553,3.08283901313868e-10
220,0.1712027341867336,0.9368205372396216,4.286676546128294,406.8755227722206,3.9343515548409393,0.0255615332065074,2.7894680928689246e-10
221,1.70718191555153,1.566625275233746,0.9892682477485772,400.950227377826,4.072478875019481,0.0251390382245133,2.5240151068452063e-10
222,1.0540641557111918,3.261473384079282,0.0,398.0951408963217,3.991501566102464,0.0247235264703393,2.2838233123615784e-10
223,0.3557406791099293,0.0,4.003524819831092,396.6616191613684,4.048042564812483,0.0243148825213819,2.06648878920758e-10
224,0.7883879668336591,3.161970798329751,1.007022252026173,399.9285506582148,4.112903561842138,0.0239129928628053,1.8698363804268472e-10
225,1.015173711331414,0.0,0.7534783450879434,395.6846083200589,4.026628677773305,0.0235177458560091,1.6918979226151304e-10
226,1.5703927103023252,0.2269759543763805,3.083924446154372,398.8143730843297,4.017269901162182,0.0231290317076166,1.530892547879476e-10
227,1.1834250518650116,3.782859132104796,0.3859267870137031,395.69728890038215,3.988191160078598,0.0227467424389759,1.3852088603137598e-10
228,2.468698283832182,3.74573438304778,0.0,402.14156890153856,4.028007824747731,0.0223707718561656,1.2533888086068347e-10
229,1.489300067667502,0.0,0.350294010773674,404.4520363416026,3.989501937161776,0.0220010155204949,1.1341130933749783e-10
230,0.0,0.0,1.7371003030192025,400.6226264798209,4.054937629859179,0.021637370719493,1.0261879631701889e-10
231,0.4532156157220685,0.0,0.2613904978108796,405.45830603871786,3.9796249757470537,0.0212797364383771,9.285332670144928e-11
232,1.3539671044571715,0.0,3.576502141030182,400.0402554949085,4.004519504465647,0.0209280133319916,8.401716438858898e-11
233,0.108422163883257,4.440557304807623,0.0,402.95967922724526,3.797691633573296,0.020582103697212,7.602187409607351e-11
234,0.0,1.585472669937702,0.0,398.163454579802,3.9897254500389225,0.0202419114458043,6.878743627134609e-11
235,0.3489461135733502,0.0,0.0,401.71486480388114,3.914984597781855,0.0199073420777336,6.224144622907783e-11
236,0.0,0.9108858924854129,3.663445879471312,403.44263270224775,3.935782386666176,0.019578302654913,5.6318389500742715e-11
237,0.0,0.0,3.375997940935121,402.044163499103,3.975598170729609,0.0192547017753869,5.095898614379565e-11
238,0.15859399444913,0.9575900949888652,0.3028815364665551,404.1193552692053,3.974036917520821,0.0189364495479414,4.6109597448082216e-11
239,1.3626037652785494,2.5145402674004744,0.0,401.4473563925668,4.095708311665495,0.0186234575671336,4.1721689101600286e-11
240,0.9901857937032784,0.0,0.0,401.2251038525602,4.039042168346321,0.0183156388887341,3.775134544279098e-11
241,0.977705484554909,2.8225885180432515,2.9021612485196737,401.46066141508527,3.984132723893772,0.0180129080055751,3.4158829937838525e-11
242,0.4381813624932977,4.234535641168986,1.6506538595986142,404.5724344206422,3.906981551026766,0.017715180823798,3.0908187484083317e-11
243,0.0,2.9046581629978414,1.666292564208437,402.0954725334883,3.787934632483211,0.0174223746394935,2.7966884559269267e-11
244,1.4931295733464076,0.0,0.1160294906267334,402.3059295250485,4.002595566743593,0.0171344081157275,2.5305483615119005e-11
245,0.0290897742488215,2.8951620330251844,2.496191694962385,401.50989969891504,4.186804705577663,0.0168512012599475,2.289734845645553e-11
246,0.0,0.0,0.6998483098106558,404.4218912411101,3.8756483337530367,0.0165726754017612,2.0718377657208856e-11
247,0.4307243516504844,0.0,0.0,393.7943163058797,4.105660375827193,0.0162987531710839,1.874676334524281e-11
248,1.9784896314143656,5.292603744659623,0.0,398.9467676662598,3.9543495925094296,0.0160293584766455,1.696277294184065e-11
249,0.7495376394516747,0.0,1.0258914188761177,400.9782542149013,3.927362678190604,0.0157644164848544,1.5348551671425364e-11
250,0.589600191406851,0.0,0.0,401.2198751330963,4.150704373479279,0.0155038535990093,1.388794386496402e-11
251,0.0,0.4078970822771186,1.402790904079244,396.3360117631489,4.0743889058573695,0.0152475974388552,1.2566331268602371e-11
252,2.1852686369926912,1.081132098527494,0.0,405.4648380238965,3.94131450579822,0.0149955768204777,1.137048673926674e-11
253,1.1296118776957045,3.528293998610496,0.0,401.31850731098393,4.042268977033668,0.0147477217365289,1.0288441862970216e-11
254,1.862979461595092,2.4584948142603515,0.0,399.119536374918,3.910419541860585,0.0145039633367808,9.30936717090307e-12
255,2.0657566211567078,3.575277990644114,0.0673653674241736,404.965880877015,4.103139412999945,0.0142642339089992,8.423463754468647e-12
256,0.0,2.3856480911727767,1.3436034524267115,403.6061040336048,4.156776975395172,0.0140284668601351,7.62186519451289e-12
257,1.1050784217164689,1.4162290557623365,0.0,396.2644561582051,3.9228896364478754,0.0137965966978254,6.896548823221205e-12
258,1.0034740395591948,0.0,0.0,394.1042459259221,4.145606047748096,0.0135685590122009,6.2402554305624016e-12
259,0.0,1.0956303702843695,0.0,398.0650700065372,3.972449630264592,0.0133442904579936,5.646416611674971e-12
260,0.5616733120654914,0.0,0.0,403.2903217626517,4.0226386700061605,0.0131237287369409,5.109089028063324e-12
261,0.0,0.0,0.0,403.1716631092761,4.095733612409039,0.0129068125804798,4.6228949246686616e-12
262,0.0,0.1910953716156946,0.7026967642289254,401.69258267695255,4.040904607598481,0.0126934817327276,4.182968307488743e-12
263,0.9870163686255814,4.930098914879311,1.1640599381980294,403.1477574411853,3.8637419326146634,0.0124836769337438,3.784906243074357e-12
264,0.0,2.7447526906133195,3.394825033501858,400.0512083594541,3.971048771244665,0.0122773399030684,3.4247247924915922e-12
265,0.1235063555273484,2.788296519805876,0.0,404.2433769111898,3.9585823188935616,0.0120744133235328,3.098819138721825e-12
266,0.9381417664169368,0.0,2.4820484782881698,403.2052020462706,4.030028500391626,0.0118748408253379,2.8039275084414685e-12
267,0.2575074705720216,0.7000040963501752,0.0,397.86082476697874,4.071235675670063,0.0116785669703954,2.537098527098185e-12
268,0.6239887050822797,0.2493691376528745,0.0,400.4148719906849,4.191230300306935,0.0114855372369279,2.2956616805623543e-12
269,0.0,1.2633321421993124,1.3867864004650028,400.8285559844361,4.1253507920157855,0.0112956980043238,2.077200587724137e-12
270,0.9596569569816408,2.3352488357726164,1.967090246477979,403.15727168437,3.968908453483391,0.0111089965382423,1.8795288165390832e-12
271,0.0,0.3746591965914326,2.074678873919645,397.7092742311777,4.006089475730574,0.0109253809759644,1.7006680014814045e-12
272,0.0,0.8829779437054781,1.1968077677975368,400.3419402048094,4.119124598522975,0.0107448003119868,1.538828043396813e-12
273,0.0,1.9654614355157407,0.6396163571359896,402.28049586498736,3.980581262098221,0.0105672043838526,1.3923891935884977e-12
274,0.9106376823989007,1.4387255312158065,3.0709036519460238,399.06533360470974,3.798515888944289,0.0103925438582177,1.2598858428277908e-12
275,0.0,2.228931699847668,0.0,403.3369550184603,3.9570431525690246,0.0102207702171463,1.1399918530443554e-12
276,0.835510773528392,0.0,0.0,402.86194700787047,3.949265592212584,0.0100518357446335,1.031507284890682e-12
277,0.0,0.0,0.0,398.7937615103736,4.01467873861984,0.0098856935133508,9.333463883457698e-13
278,2.020641015581474,0.2727863414115597,0.0,400.4309419148742,3.925564601787224,0.0097222973716101,8.445267361639731e-13
279,0.8725331085986118,0.0,0.0,401.1170397542934,3.905263299279893,0.0095616019305435,7.641593914129471e-13
280,0.4700156722984251,0.0,2.763279014161728,400.4126238052821,3.9487834632623473,0.0094035625514952,6.914400106940203e-13
281,0.9589303855973904,0.0,0.0,397.2496799775477,3.8861565627424657,0.0092481353336215,6.256407940031327e-13
282,0.0,1.8677750220300824,2.994393421847865,398.14988554495,4.1526207288555534,0.0090952771016958,5.661032006637635e-13
283,0.6124459415743815,0.0,0.0,405.79542167423705,4.070322941188473,0.0089449453941152,5.122313584304917e-13
284,0.0,0.0,1.9546735749931383,399.1537400375281,3.8209999039134352,0.0087970984511055,4.634860997992993e-13
285,0.0,3.951002044942728,0.0,402.0653497572631,3.985982810191867,0.0086516952031206,4.193795658379545e-13
286,0.3860095073030424,0.0,2.9631323807937253,398.8990507732111,4.114996891785494,0.0085086952594345,3.7947032352985593e-13
287,0.0013003400256655,2.2222776054252997,0.0,394.547564407959,4.066384227395477,0.0083680588969212,3.4335894776402575e-13
288,1.4769984777542249,0.9539589110211284,0.615579500520042,406.6322604293165,4.022056555739464,0.00822974704902,3.106840237543445e-13
289,0.4354584600879527,1.722939264184486,0.1934797323979964,397.8813522520993,3.997302142816216,0.0080937212948838,2.8111852987890444e-13
290,0.4646258046735441,0.0,0.0,400.6711872130938,3.928153249822712,0.0079599438487064,2.543665647376924e-13
291,0.0,0.1364104209749476,2.6347483566170484,397.7913828651589,3.875905583010502,0.0078283775492257,2.301603856719299e-13
292,1.4083978702362812,0.0,1.91434297553142,399.1048891313429,4.00845740061977,0.0076989858494015,2.0825772910555018e-13
293,0.0,1.8260514979347415,0.2114971001580199,400.0523253933541,4.027669212303125,0.007571732806263,1.884393858898981e-13
294,0.0,6.016814319773136,1.00518770882357,398.9507233108769,4.064217212211813,0.0074465830709243,1.7050700738489757e-13
295,0.0,3.486911028505209,1.7186802937658174,401.7552752495463,4.080464411412481,0.0073235018787654,1.5428112031918877e-13
296,0.1272502250056163,3.012607164293425,0.0,405.4896357535505,4.065907319369992,0.0072024550397747,1.395993305613098e-13
297,0.0,0.0,1.5759676024966236,399.3068099038287,3.8355167149256415,0.0070834089290521,1.263146978246443e-13
298,0.0,0.8464482159522129,1.873778172845265,404.0566620406465,3.8583688085323127,0.0069663304774679,1.1429426503964337e-13
299,0.7884819681948102,0.0,0.0,398.4127799469381,4.094814108567856,0.0068511871624772,1.0341772767478879e-13
